observation_date,M2_Money_Stocks,M2_Money_Stocks_Change
1959-01-01,987.9,
1959-02-01,992.1,4.2
1959-03-01,998.3,6.2
1959-04-01,1001.0,2.7
1959-05-01,1006.2,5.2
1959-06-01,1010.3,4.1
1959-07-01,1012.7,2.4
1959-08-01,1015.8,3.1
1959-09-01,1014.4,-1.4
1959-10-01,1010.2,-4.2
1959-11-01,1012.3,2.1
1959-12-01,1012.6,0.3
1960-01-01,1015.3,2.7
1960-02-01,1014.6,-0.7
1960-03-01,1017.7,3.1
1960-04-01,1015.9,-1.8
1960-05-01,1017.6,1.7
1960-06-01,1020.9,3.3
1960-07-01,1029.1,8.2
1960-08-01,1036.5,7.4
1960-09-01,1041.5,5.0
1960-10-01,1040.3,-1.2
1960-11-01,1044.0,3.7
1960-12-01,1048.0,4.0
1961-01-01,1052.6,4.6
1961-02-01,1060.7,8.1
1961-03-01,1066.7,6.0
1961-04-01,1073.1,6.4
1961-05-01,1079.8,6.7
1961-06-01,1086.8,7.0
1961-07-01,1088.2,1.4
1961-08-01,1094.2,6.0
1961-09-01,1099.1,4.9
1961-10-01,1104.4,5.3
1961-11-01,1112.1,7.7
1961-12-01,1118.0,5.9
1962-01-01,1123.5,5.5
1962-02-01,1129.5,6.0
1962-03-01,1137.2,7.7
1962-04-01,1143.7,6.5
1962-05-01,1149.1,5.4
1962-06-01,1156.2,7.1
1962-07-01,1160.8,4.6
1962-08-01,1165.1,4.3
1962-09-01,1166.7,1.6
1962-10-01,1175.8,9.1
1962-11-01,1184.3,8.5
1962-12-01,1193.9,9.6
1963-01-01,1199.7,5.8
1963-02-01,1207.0,7.3
1963-03-01,1215.0,8.0
1963-04-01,1224.7,9.7
1963-05-01,1232.7,8.0
1963-06-01,1236.2,3.5
1963-07-01,1241.8,5.6
1963-08-01,1247.5,5.7
1963-09-01,1256.5,9.0
1963-10-01,1262.8,6.3
1963-11-01,1271.9,9.1
1963-12-01,1273.3,1.4
1964-01-01,1277.3,4.0
1964-02-01,1286.3,9.0
1964-03-01,1292.2,5.9
1964-04-01,1297.9,5.7
1964-05-01,1304.7,6.8
1964-06-01,1312.8,8.1
1964-07-01,1322.1,9.3
1964-08-01,1331.4,9.3
1964-09-01,1341.4,10.0
1964-10-01,1346.7,5.3
1964-11-01,1352.1,5.4
1964-12-01,1359.0,6.9
1965-01-01,1366.7,7.7
1965-02-01,1376.0,9.3
1965-03-01,1383.6,7.6
1965-04-01,1387.5,3.9
1965-05-01,1388.5,1.0
1965-06-01,1392.3,3.8
1965-07-01,1402.5,10.2
1965-08-01,1413.0,10.5
1965-09-01,1421.6,8.6
1965-10-01,1430.0,8.4
1965-11-01,1435.3,5.3
1965-12-01,1441.8,6.5
1966-01-01,1449.2,7.4
1966-02-01,1448.3,-0.9
1966-03-01,1451.8,3.5
1966-04-01,1453.8,2.0
1966-05-01,1453.2,-0.6
1966-06-01,1455.2,2.0
1966-07-01,1451.2,-4.0
1966-08-01,1447.5,-3.7
1966-09-01,1451.6,4.1
1966-10-01,1448.1,-3.5
1966-11-01,1451.6,3.5
1966-12-01,1458.7,7.1
1967-01-01,1463.8,5.1
1967-02-01,1470.0,6.2
1967-03-01,1483.9,13.9
1967-04-01,1486.7,2.8
1967-05-01,1502.1,15.4
1967-06-01,1507.5,5.4
1967-07-01,1515.9,8.4
1967-08-01,1524.8,8.9
1967-09-01,1531.8,7.0
1967-10-01,1537.7,5.9
1967-11-01,1537.5,-0.2
1967-12-01,1543.5,6.0
1968-01-01,1546.6,3.1
1968-02-01,1550.9,4.3
1968-03-01,1554.5,3.6
1968-04-01,1557.3,2.8
1968-05-01,1562.0,4.7
1968-06-01,1563.7,1.7
1968-07-01,1563.3,-0.4
1968-08-01,1569.7,6.4
1968-09-01,1577.2,7.5
1968-10-01,1579.6,2.4
1968-11-01,1588.7,9.1
1968-12-01,1592.1,3.4
1969-01-01,1594.7,2.6
1969-02-01,1597.5,2.8
1969-03-01,1591.1,-6.4
1969-04-01,1586.0,-5.1
1969-05-01,1583.8,-2.2
1969-06-01,1580.6,-3.2
1969-07-01,1574.7,-5.9
1969-08-01,1572.1,-2.6
1969-09-01,1569.0,-3.1
1969-10-01,1564.1,-4.9
1969-11-01,1561.1,-3.0
1969-12-01,1559.4,-1.7
1970-01-01,1555.7,-3.7
1970-02-01,1538.8,-16.9
1970-03-01,1533.4,-5.4
1970-04-01,1528.3,-5.1
1970-05-01,1532.4,4.1
1970-06-01,1534.0,1.6
1970-07-01,1540.1,6.1
1970-08-01,1551.0,10.9
1970-09-01,1559.2,8.2
1970-10-01,1564.5,5.3
1970-11-01,1568.4,3.9
1970-12-01,1574.1,5.7
1971-01-01,1586.2,12.1
1971-02-01,1606.5,20.3
1971-03-01,1624.7,18.2
1971-04-01,1641.9,17.2
1971-05-01,1654.3,12.4
1971-06-01,1661.7,7.4
1971-07-01,1673.9,12.2
1971-08-01,1684.3,10.4
1971-09-01,1697.3,13.0
1971-10-01,1707.6,10.3
1971-11-01,1718.5,10.9
1971-12-01,1728.2,9.7
1972-01-01,1742.0,13.8
1972-02-01,1752.9,10.9
1972-03-01,1771.7,18.8
1972-04-01,1779.3,7.6
1972-05-01,1786.8,7.5
1972-06-01,1797.8,11.0
1972-07-01,1817.0,19.2
1972-08-01,1834.6,17.6
1972-09-01,1848.7,14.1
1972-10-01,1864.7,16.0
1972-11-01,1872.4,7.7
1972-12-01,1887.8,15.4
1973-01-01,1897.7,9.9
1973-02-01,1893.3,-4.4
1973-03-01,1878.6,-14.7
1973-04-01,1875.7,-2.9
1973-05-01,1883.4,7.7
1973-06-01,1885.3,1.9
1973-07-01,1892.5,7.2
1973-08-01,1864.0,-28.5
1973-09-01,1856.9,-7.1
1973-10-01,1847.8,-9.1
1973-11-01,1849.5,1.7
1973-12-01,1847.7,-1.8
1974-01-01,1837.0,-10.7
1974-02-01,1827.1,-9.9
1974-03-01,1820.3,-6.8
1974-04-01,1814.8,-5.5
1974-05-01,1799.6,-15.2
1974-06-01,1791.4,-8.2
1974-07-01,1787.8,-3.6
1974-08-01,1771.7,-16.1
1974-09-01,1754.7,-17.0
1974-10-01,1751.6,-3.1
1974-11-01,1744.9,-6.7
1974-12-01,1738.2,-6.7
1975-01-01,1732.9,-5.3
1975-02-01,1737.8,4.9
1975-03-01,1751.9,14.1
1975-04-01,1764.3,12.4
1975-05-01,1785.1,20.8
1975-06-01,1800.0,14.9
1975-07-01,1805.7,5.7
1975-08-01,1813.8,8.1
1975-09-01,1815.9,2.1
1975-10-01,1817.5,1.6
1975-11-01,1820.8,3.3
1975-12-01,1827.7,6.9
1976-01-01,1839.8,12.1
1976-02-01,1861.0,21.2
1976-03-01,1875.0,14.0
1976-04-01,1890.9,15.9
1976-05-01,1900.9,10.0
1976-06-01,1900.5,-0.4
1976-07-01,1905.8,5.3
1976-08-01,1917.5,11.7
1976-09-01,1928.5,11.0
1976-10-01,1943.0,14.5
1976-11-01,1959.0,16.0
1976-12-01,1972.6,13.6
1977-01-01,1985.0,12.4
1977-02-01,1985.8,0.8
1977-03-01,1994.1,8.3
1977-04-01,1999.3,5.2
1977-05-01,2008.3,9.0
1977-06-01,2012.9,4.6
1977-07-01,2017.6,4.7
1977-08-01,2024.5,6.9
1977-09-01,2033.0,8.5
1977-10-01,2035.7,2.7
1977-11-01,2036.1,0.4
1977-12-01,2039.0,2.9
1978-01-01,2041.0,2.0
1978-02-01,2040.5,-0.5
1978-03-01,2038.2,-2.3
1978-04-01,2035.1,-3.1
1978-05-01,2031.8,-3.3
1978-06-01,2028.5,-3.3
1978-07-01,2021.5,-7.0
1978-08-01,2023.5,2.0
1978-09-01,2022.6,-0.9
1978-10-01,2015.4,-7.2
1978-11-01,2013.5,-1.9
1978-12-01,2011.8,-1.7
1979-01-01,2002.3,-9.5
1979-02-01,1991.0,-11.3
1979-03-01,1985.4,-5.6
1979-04-01,1986.0,0.6
1979-05-01,1975.1,-10.9
1979-06-01,1970.9,-4.2
1979-07-01,1965.5,-5.4
1979-08-01,1962.8,-2.7
1979-09-01,1954.4,-8.4
1979-10-01,1942.0,-12.4
1979-11-01,1928.8,-13.2
1979-12-01,1916.4,-12.4
1980-01-01,1900.9,-15.5
1980-02-01,1891.9,-9.0
1980-03-01,1872.4,-19.5
1980-04-01,1856.9,-15.5
1980-05-01,1851.0,-5.9
1980-06-01,1853.6,2.6
1980-07-01,1871.1,17.5
1980-08-01,1876.8,5.7
1980-09-01,1876.0,-0.8
1980-10-01,1871.1,-4.9
1980-11-01,1864.3,-6.8
1980-12-01,1851.6,-12.7
1981-01-01,1842.8,-8.8
1981-02-01,1839.4,-3.4
1981-03-01,1847.2,7.8
1981-04-01,1862.2,15.0
1981-05-01,1855.3,-6.9
1981-06-01,1845.6,-9.7
1981-07-01,1838.1,-7.5
1981-08-01,1837.6,-0.5
1981-09-01,1832.4,-5.2
1981-10-01,1843.5,11.1
1981-11-01,1850.9,7.4
1981-12-01,1865.6,14.7
1982-01-01,1875.4,9.8
1982-02-01,1873.8,-1.6
1982-03-01,1886.5,12.7
1982-04-01,1898.8,12.3
1982-05-01,1893.0,-5.8
1982-06-01,1882.5,-10.5
1982-07-01,1878.5,-4.0
1982-08-01,1888.6,10.1
1982-09-01,1902.1,13.5
1982-10-01,1905.9,3.8
1982-11-01,1922.1,16.2
1982-12-01,1950.8,28.7
1983-01-01,2001.4,50.6
1983-02-01,2037.6,36.2
1983-03-01,2054.2,16.6
1983-04-01,2053.2,-1.0
1983-05-01,2059.6,6.4
1983-06-01,2065.9,6.3
1983-07-01,2068.9,3.0
1983-08-01,2071.9,3.0
1983-09-01,2074.9,3.0
1983-10-01,2082.5,7.6
1983-11-01,2089.3,6.8
1983-12-01,2094.2,4.9
1984-01-01,2094.2,0.0
1984-02-01,2103.5,9.3
1984-03-01,2113.9,10.4
1984-04-01,2121.7,7.8
1984-05-01,2129.6,7.9
1984-06-01,2136.1,6.5
1984-07-01,2135.9,-0.2
1984-08-01,2136.4,0.5
1984-09-01,2143.6,7.2
1984-10-01,2149.3,5.7
1984-11-01,2166.6,17.3
1984-12-01,2186.2,19.6
1985-01-01,2206.6,20.4
1985-02-01,2214.6,8.0
1985-03-01,2215.5,0.9
1985-04-01,2220.0,4.5
1985-05-01,2229.0,9.0
1985-06-01,2244.3,15.3
1985-07-01,2255.8,11.5
1985-08-01,2265.1,9.3
1985-09-01,2272.3,7.2
1985-10-01,2274.7,2.4
1985-11-01,2273.2,-1.5
1985-12-01,2275.9,2.7
1986-01-01,2276.7,0.8
1986-02-01,2290.7,14.0
1986-03-01,2321.8,31.1
1986-04-01,2353.1,31.3
1986-05-01,2371.4,18.3
1986-06-01,2381.2,9.8
1986-07-01,2398.7,17.5
1986-08-01,2414.7,16.0
1986-09-01,2425.3,10.6
1986-10-01,2438.7,13.4
1986-11-01,2446.8,8.1
1986-12-01,2462.1,15.3
1987-01-01,2463.1,1.0
1987-02-01,2457.5,-5.6
1987-03-01,2454.3,-3.2
1987-04-01,2455.8,1.5
1987-05-01,2453.9,-1.9
1987-06-01,2444.6,-9.3
1987-07-01,2442.0,-2.6
1987-08-01,2439.4,-2.6
1987-09-01,2440.7,1.3
1987-10-01,2447.7,7.0
1987-11-01,2442.7,-5.0
1987-12-01,2445.0,2.3
1988-01-01,2454.7,9.7
1988-02-01,2470.2,15.5
1988-03-01,2481.3,11.1
1988-04-01,2483.5,2.2
1988-05-01,2490.2,6.7
1988-06-01,2490.2,0.0
1988-07-01,2487.1,-3.1
1988-08-01,2480.7,-6.4
1988-09-01,2474.4,-6.3
1988-10-01,2473.1,-1.3
1988-11-01,2477.3,4.2
1988-12-01,2475.7,-1.6
1989-01-01,2468.4,-7.3
1989-02-01,2460.7,-7.7
1989-03-01,2454.7,-6.0
1989-04-01,2441.9,-12.8
1989-05-01,2434.6,-7.3
1989-06-01,2439.9,5.3
1989-07-01,2451.7,11.8
1989-08-01,2469.4,17.7
1989-09-01,2478.0,8.6
1989-10-01,2483.3,5.3
1989-11-01,2488.7,5.4
1989-12-01,2496.0,7.3
1990-01-01,2483.8,-12.2
1990-02-01,2483.8,0.0
1990-03-01,2480.6,-3.2
1990-04-01,2483.8,3.2
1990-05-01,2479.2,-4.6
1990-06-01,2474.0,-5.2
1990-07-01,2470.9,-3.1
1990-08-01,2463.5,-7.4
1990-09-01,2456.3,-7.2
1990-10-01,2443.3,-13.0
1990-11-01,2440.2,-3.1
1990-12-01,2438.0,-2.2
1991-01-01,2440.8,2.8
1991-02-01,2451.4,10.6
1991-03-01,2464.3,12.9
1991-04-01,2466.6,2.3
1991-05-01,2465.3,-1.3
1991-06-01,2464.6,-0.7
1991-07-01,2464.1,-0.5
1991-08-01,2456.1,-8.0
1991-09-01,2448.8,-7.3
1991-10-01,2449.1,0.3
1991-11-01,2442.3,-6.8
1991-12-01,2440.1,-2.2
1992-01-01,2444.8,4.7
1992-02-01,2453.1,8.3
1992-03-01,2447.1,-6.0
1992-04-01,2438.8,-8.3
1992-05-01,2432.8,-6.0
1992-06-01,2422.1,-10.7
1992-07-01,2415.6,-6.5
1992-08-01,2413.9,-1.7
1992-09-01,2416.9,3.0
1992-10-01,2416.2,-0.7
1992-11-01,2411.3,-4.9
1992-12-01,2406.7,-4.6
1993-01-01,2394.3,-12.4
1993-02-01,2386.1,-8.2
1993-03-01,2380.8,-5.3
1993-04-01,2372.3,-8.5
1993-05-01,2383.4,11.1
1993-06-01,2385.6,2.2
1993-07-01,2382.0,-3.6
1993-08-01,2379.6,-2.4
1993-09-01,2380.8,1.2
1993-10-01,2374.1,-6.7
1993-11-01,2376.8,2.7
1993-12-01,2374.9,-1.9
1994-01-01,2375.2,0.3
1994-02-01,2369.3,-5.9
1994-03-01,2365.8,-3.5
1994-04-01,2365.0,-0.8
1994-05-01,2366.6,1.6
1994-06-01,2352.6,-14.0
1994-07-01,2350.5,-2.1
1994-08-01,2339.4,-11.1
1994-09-01,2335.0,-4.4
1994-10-01,2332.2,-2.8
1994-11-01,2327.9,-4.3
1994-12-01,2322.7,-5.2
1995-01-01,2320.5,-2.2
1995-02-01,2312.7,-7.8
1995-03-01,2308.9,-3.8
1995-04-01,2305.1,-3.8
1995-05-01,2317.0,11.9
1995-06-01,2328.7,11.7
1995-07-01,2337.7,9.0
1995-08-01,2347.3,9.6
1995-09-01,2352.8,5.5
1995-10-01,2354.0,1.2
1995-11-01,2355.2,1.2
1995-12-01,2358.3,3.1
1996-01-01,2358.0,-0.3
1996-02-01,2362.5,4.5
1996-03-01,2371.0,8.5
1996-04-01,2368.8,-2.2
1996-05-01,2371.9,3.1
1996-06-01,2375.6,3.7
1996-07-01,2380.3,4.7
1996-08-01,2381.7,1.4
1996-09-01,2380.1,-1.6
1996-10-01,2384.8,4.7
1996-11-01,2391.4,6.6
1996-12-01,2400.1,8.7
1997-01-01,2405.6,5.5
1997-02-01,2408.5,2.9
1997-03-01,2416.3,7.8
1997-04-01,2424.6,8.3
1997-05-01,2432.3,7.7
1997-06-01,2438.2,5.9
1997-07-01,2446.3,8.1
1997-08-01,2461.1,14.8
1997-09-01,2464.7,3.6
1997-10-01,2472.0,7.3
1997-11-01,2482.9,10.9
1997-12-01,2492.5,9.6
1998-01-01,2503.8,11.3
1998-02-01,2524.0,20.2
1998-03-01,2539.7,15.7
1998-04-01,2552.5,12.8
1998-05-01,2561.1,8.6
1998-06-01,2570.1,9.0
1998-07-01,2575.9,5.8
1998-08-01,2587.9,12.0
1998-09-01,2610.2,22.3
1998-10-01,2628.4,18.2
1998-11-01,2648.8,20.4
1998-12-01,2661.6,12.8
1999-01-01,2673.3,11.7
1999-02-01,2687.2,13.9
1999-03-01,2689.7,2.5
1999-04-01,2689.2,-0.5
1999-05-01,2702.5,13.3
1999-06-01,2715.7,13.2
1999-07-01,2720.7,5.0
1999-08-01,2724.5,3.8
1999-09-01,2722.8,-1.7
1999-10-01,2732.1,9.3
1999-11-01,2738.6,6.5
1999-12-01,2748.4,9.8
2000-01-01,2757.0,8.6
2000-02-01,2753.5,-3.5
2000-03-01,2755.4,1.9
2000-04-01,2789.8,34.4
2000-05-01,2777.9,-11.9
2000-06-01,2772.1,-5.8
2000-07-01,2774.3,2.2
2000-08-01,2790.7,16.4
2000-09-01,2796.8,6.1
2000-10-01,2801.3,4.5
2000-11-01,2803.0,1.7
2000-12-01,2822.3,19.3
2001-01-01,2835.1,12.8
2001-02-01,2850.6,15.5
2001-03-01,2881.8,31.2
2001-04-01,2913.4,31.6
2001-05-01,2897.5,-15.9
2001-06-01,2915.2,17.7
2001-07-01,2937.0,21.8
2001-08-01,2956.0,19.0
2001-09-01,3006.9,50.9
2001-10-01,3009.0,2.1
2001-11-01,3035.3,26.3
2001-12-01,3066.9,31.6
2002-01-01,3073.2,6.3
2002-02-01,3084.5,11.3
2002-03-01,3082.5,-2.0
2002-04-01,3068.8,-13.7
2002-05-01,3079.9,11.1
2002-06-01,3092.1,12.2
2002-07-01,3109.0,16.9
2002-08-01,3123.8,14.8
2002-09-01,3131.9,8.1
2002-10-01,3149.7,17.8
2002-11-01,3172.6,22.9
2002-12-01,3179.0,6.4
2003-01-01,3183.1,4.1
2003-02-01,3185.4,2.3
2003-03-01,3191.2,5.8
2003-04-01,3223.6,32.4
2003-05-01,3261.6,38.0
2003-06-01,3278.2,16.6
2003-07-01,3293.1,14.9
2003-08-01,3310.2,17.1
2003-09-01,3284.7,-25.5
2003-10-01,3283.0,-1.7
2003-11-01,3284.2,1.2
2003-12-01,3274.4,-9.8
2004-01-01,3264.7,-9.7
2004-02-01,3279.0,14.3
2004-03-01,3291.3,12.3
2004-04-01,3308.0,16.7
2004-05-01,3334.7,26.7
2004-06-01,3323.5,-11.2
2004-07-01,3327.0,3.5
2004-08-01,3339.3,12.3
2004-09-01,3346.8,7.5
2004-10-01,3343.8,-3.0
2004-11-01,3341.9,-1.9
2004-12-01,3351.4,9.5
2005-01-01,3356.5,5.1
2005-02-01,3346.7,-9.8
2005-03-01,3339.4,-7.3
2005-04-01,3336.1,-3.3
2005-05-01,3346.7,10.6
2005-06-01,3361.8,15.1
2005-07-01,3357.5,-4.3
2005-08-01,3353.6,-3.9
2005-09-01,3325.1,-28.5
2005-10-01,3337.1,12.0
2005-11-01,3362.3,25.2
2005-12-01,3376.1,13.8
2006-01-01,3377.0,0.9
2006-02-01,3387.6,10.6
2006-03-01,3389.8,2.2
2006-04-01,3391.6,1.8
2006-05-01,3384.9,-6.7
2006-06-01,3395.5,10.6
2006-07-01,3397.7,2.2
2006-08-01,3398.1,0.4
2006-09-01,3428.3,30.2
2006-10-01,3468.1,39.8
2006-11-01,3483.9,15.8
2006-12-01,3486.2,2.3
2007-01-01,3499.1,12.9
2007-02-01,3493.5,-5.6
2007-03-01,3491.9,-1.6
2007-04-01,3516.7,24.8
2007-05-01,3508.9,-7.8
2007-06-01,3516.8,7.9
2007-07-01,3525.5,8.7
2007-08-01,3561.0,35.5
2007-09-01,3554.7,-6.3
2007-10-01,3551.0,-3.7
2007-11-01,3535.4,-15.6
2007-12-01,3539.5,4.1
2008-01-01,3543.2,3.7
2008-02-01,3575.3,32.1
2008-03-01,3593.5,18.2
2008-04-01,3605.1,11.6
2008-05-01,3589.8,-15.3
2008-06-01,3561.2,-28.6
2008-07-01,3557.5,-3.7
2008-08-01,3569.5,12.0
2008-09-01,3596.9,27.4
2008-10-01,3675.3,78.4
2008-11-01,3766.0,90.7
2008-12-01,3881.3,115.3
2009-01-01,3911.3,30.0
2009-02-01,3911.3,0.0
2009-03-01,3946.8,35.5
2009-04-01,3945.0,-1.8
2009-05-01,3966.5,21.5
2009-06-01,3938.5,-28.0
2009-07-01,3941.7,3.2
2009-08-01,3928.3,-13.4
2009-09-01,3920.0,-8.3
2009-10-01,3920.4,0.4
2009-11-01,3920.8,0.4
2009-12-01,3916.5,-4.3
2010-01-01,3898.1,-18.4
2010-02-01,3924.7,26.6
2010-03-01,3921.6,-3.1
2010-04-01,3935.1,13.5
2010-05-01,3962.1,27.0
2010-06-01,3972.6,10.5
2010-07-01,3970.4,-2.2
2010-08-01,3986.8,16.4
2010-09-01,3994.5,7.7
2010-10-01,4003.3,8.8
2010-11-01,4002.6,-0.7
2010-12-01,4001.8,-0.8
2011-01-01,3999.0,-2.8
2011-02-01,4014.9,15.9
2011-03-01,4020.2,5.3
2011-04-01,4029.8,9.6
2011-05-01,4049.1,19.3
2011-06-01,4082.1,33.0
2011-07-01,4143.3,61.2
2011-08-01,4212.7,69.4
2011-09-01,4212.5,-0.2
2011-10-01,4224.1,11.6
2011-11-01,4239.0,14.9
2011-12-01,4259.0,20.0
2012-01-01,4279.5,20.5
2012-02-01,4293.0,13.5
2012-03-01,4303.3,10.3
2012-04-01,4319.5,16.2
2012-05-01,4347.4,27.9
2012-06-01,4381.6,34.2
2012-07-01,4403.4,21.8
2012-08-01,4408.7,5.3
2012-09-01,4422.5,13.8
2012-10-01,4439.2,16.7
2012-11-01,4476.5,37.3
2012-12-01,4530.0,53.5
2013-01-01,4531.1,1.1
2013-02-01,4514.8,-16.3
2013-03-01,4551.8,37.0
2013-04-01,4573.1,21.3
2013-05-01,4586.0,12.9
2013-06-01,4599.9,13.9
2013-07-01,4607.8,7.9
2013-08-01,4621.7,13.9
2013-09-01,4645.8,24.1
2013-10-01,4696.5,50.7
2013-11-01,4691.5,-5.0
2013-12-01,4706.8,15.3
2014-01-01,4725.1,18.3
2014-02-01,4747.8,22.7
2014-03-01,4753.3,5.5
2014-04-01,4763.4,10.1
2014-05-01,4781.6,18.2
2014-06-01,4798.6,17.0
2014-07-01,4816.2,17.6
2014-08-01,4827.1,10.9
2014-09-01,4844.1,17.0
2014-10-01,4876.2,32.1
2014-11-01,4902.5,26.3
2014-12-01,4953.1,50.6
2015-01-01,5021.9,68.8
2015-02-01,5058.9,37.0
2015-03-01,5044.5,-14.4
2015-04-01,5053.6,9.1
2015-05-01,5048.5,-5.1
2015-06-01,5051.7,3.2
2015-07-01,5062.0,10.3
2015-08-01,5080.7,18.7
2015-09-01,5117.9,37.2
2015-10-01,5134.4,16.5
2015-11-01,5166.6,32.2
2015-12-01,5202.2,35.6
2016-01-01,5262.3,60.1
2016-02-01,5299.7,37.4
2016-03-01,5304.5,4.8
2016-04-01,5317.3,12.8
2016-05-01,5332.8,15.5
2016-06-01,5343.1,10.3
2016-07-01,5368.4,25.3
2016-08-01,5393.5,25.1
2016-09-01,5404.4,10.9
2016-10-01,5422.1,17.7
2016-11-01,5446.1,24.0
2016-12-01,5451.0,4.9
2017-01-01,5459.7,8.7
2017-02-01,5478.3,18.6
2017-03-01,5506.0,27.7
2017-04-01,5522.1,16.1
2017-05-01,5547.7,25.6
2017-06-01,5553.1,5.4
2017-07-01,5574.5,21.4
2017-08-01,5577.3,2.8
2017-09-01,5568.6,-8.7
2017-10-01,5588.3,19.7
2017-11-01,5586.7,-1.6
2017-12-01,5598.7,12.0
2018-01-01,5578.7,-20.0
2018-02-01,5578.2,-0.5
2018-03-01,5599.9,21.7
2018-04-01,5592.5,-7.4
2018-05-01,5602.1,9.6
2018-06-01,5621.1,19.0
2018-07-01,5630.3,9.2
2018-08-01,5640.0,9.7
2018-09-01,5642.5,2.5
2018-10-01,5634.1,-8.4
2018-11-01,5645.7,11.6
2018-12-01,5690.1,44.4
2019-01-01,5719.8,29.7
2019-02-01,5716.6,-3.2
2019-03-01,5712.7,-3.9
2019-04-01,5702.4,-10.3
2019-05-01,5739.4,37.0
2019-06-01,5787.9,48.5
2019-07-01,5806.6,18.7
2019-08-01,5833.0,26.4
2019-09-01,5861.8,28.8
2019-10-01,5898.1,36.3
2019-11-01,5924.1,26.0
2019-12-01,5934.3,10.2
2020-01-01,5949.5,15.2
2020-02-01,5966.1,16.6
2020-03-01,6197.3,231.2
2020-04-01,6642.1,444.8
2020-05-01,6979.4,337.3
2020-06-01,7057.6,78.2
2020-07-01,7082.6,25.0
2020-08-01,7081.8,-0.8
2020-09-01,7152.6,70.8
2020-10-01,7203.2,50.6
2020-11-01,7274.2,71.0
2020-12-01,7301.5,27.3
2021-01-01,7371.2,69.7
2021-02-01,7435.0,63.8
2021-03-01,7484.8,49.8
2021-04-01,7561.4,76.6
2021-05-01,7610.5,49.1
2021-06-01,7563.3,-47.2
2021-07-01,7585.1,21.8
2021-08-01,7630.0,44.9
2021-09-01,7658.0,28.0
2021-10-01,7645.8,-12.2
2021-11-01,7645.2,-0.6
2021-12-01,7646.2,1.0
2022-01-01,7639.9,-6.3
2022-02-01,7621.2,-18.7
2022-03-01,7555.9,-65.3
2022-04-01,7536.7,-19.2
2022-05-01,7445.9,-90.8
2022-06-01,7334.7,-111.2
2022-07-01,7337.7,3.0
2022-08-01,7320.3,-17.4
2022-09-01,7260.1,-60.2
2022-10-01,7190.0,-70.1
2022-11-01,7150.1,-39.9
2022-12-01,7101.3,-48.8
2023-01-01,7057.6,-43.7
2023-02-01,7027.0,-30.6
2023-03-01,6920.9,-106.1
2023-04-01,6844.8,-76.1
2023-05-01,6858.0,13.2
2023-06-01,6834.2,-23.8
2023-07-01,6819.2,-15.0
2023-08-01,6777.0,-42.2
2023-09-01,6741.0,-36.0
2023-10-01,6724.2,-16.8
2023-11-01,6717.8,-6.4
2023-12-01,6705.2,-12.6
2024-01-01,6705.5,0.3
2024-02-01,6707.4,1.9
2024-03-01,6696.9,-10.5
2024-04-01,6687.5,-9.4
2024-05-01,6705.3,17.8
2024-06-01,6727.4,22.1
2024-07-01,6728.5,1.1
2024-08-01,6744.2,15.7
2024-09-01,6756.3,12.1
2024-10-01,6761.1,4.8
2024-11-01,6779.8,18.7
2024-12-01,6766.3,-13.5
2025-01-01,6762.2,-4.1
2025-02-01,6777.0,14.8
